{
  "scheduler.ts": 1780954460.158535,
  "next-env.d.ts": 1780954876.6768851,
  "tailwind.config.ts": 1780954805.1617968,
  "next.config.ts": 1780967034.7290545,
  "prisma/seed.ts": 1780954739.0021272,
  "scripts/patch-mock-urls.ts": 1780975966.3557096,
  "src/middleware.ts": 1781029957.3200393,
  "src/types/index.ts": 1781056170.267254,
  "src/app/layout.tsx": 1781057403.5955153,
  "src/app/error.tsx": 1781057554.1932058,
  "src/app/page.tsx": 1781056910.2097454,
  "src/app/not-found.tsx": 1781057545.526487,
  "src/app/providers.tsx": 1780954618.7285433,
  "src/app/opportunity/[id]/page.tsx": 1781058383.642544,
  "src/app/opportunities/page.tsx": 1781057523.0041325,
  "src/app/privacy/page.tsx": 1781058434.9231157,
  "src/app/sector/[name]/page.tsx": 1781058377.046445,
  "src/app/admin/page.tsx": 1781058585.336593,
  "src/app/search/page.tsx": 1781055967.8330026,
  "src/app/tos/page.tsx": 1781058413.6995862,
  "src/app/profile/page.tsx": 1781057618.6894526,
  "src/app/ticker/[symbol]/page.tsx": 1781056303.9438827,
  "src/app/api/vote/route.ts": 1781055629.5671508,
  "src/app/api/opportunity/related/route.ts": 1781058305.1569607,
  "src/app/api/opportunity/[id]/route.ts": 1781056226.2365167,
  "src/app/api/opportunity/[id]/performance/route.ts": 1781055756.6212606,
  "src/app/api/saved-filters/route.ts": 1781057468.9070382,
  "src/app/api/comments/route.ts": 1781055638.5845063,
  "src/app/api/comments/flag/route.ts": 1781057414.228113,
  "src/app/api/opportunities/route.ts": 1781055692.0379713,
  "src/app/api/auth/[...nextauth]/route.ts": 1780954473.5902598,
  "src/app/api/admin/scheduler/route.ts": 1781058594.2907727,
  "src/app/api/admin/moderation/route.ts": 1781058474.1256135,
  "src/app/api/user/accept-terms/route.ts": 1781057372.0997427,
  "src/app/api/user/me/route.ts": 1781057368.3957684,
  "src/app/api/user/notifications/route.ts": 1781057565.783981,
  "src/app/api/search/route.ts": 1781052373.4246402,
  "src/app/api/register/route.ts": 1781054953.3842952,
  "src/app/api/profile/route.ts": 1781056313.3791733,
  "src/app/api/ticker/[symbol]/route.ts": 1781035114.2123406,
  "src/app/api/ticker/[symbol]/sparkline/route.ts": 1781030596.5840092,
  "src/app/api/scheduler-status/route.ts": 1781030591.972842,
  "src/app/api/dashboard-stats/route.ts": 1781056885.8050375,
  "src/app/api/events/route.ts": 1781036318.959711,
  "src/app/api/watchlist/route.ts": 1781057338.146259,
  "src/app/api/cron/route.ts": 1780954517.4696462,
  "src/app/events/page.tsx": 1781056825.6556737,
  "src/app/login/page.tsx": 1781058446.817592,
  "src/app/watchlist/page.tsx": 1781057357.306665,
  "src/components/nav.tsx": 1781056290.2711358,
  "src/components/signal-badge.tsx": 1781028607.121618,
  "src/components/event-feed-item.tsx": 1781056803.4947064,
  "src/components/comment-section.tsx": 1781057452.067599,
  "src/components/opportunity-card.tsx": 1781056272.3490398,
  "src/components/sparkline.tsx": 1780954562.6668565,
  "src/components/onboarding-modal.tsx": 1781058459.2341526,
  "src/components/conviction-badge.tsx": 1781028592.3524225,
  "src/components/layout/disclaimer-footer.tsx": 1781055659.1057994,
  "src/components/layout/keyboard-shortcuts.tsx": 1781056277.5350866,
  "src/components/social/vote-buttons.tsx": 1781054978.7541988,
  "src/lib/prisma.ts": 1780954341.8825347,
  "src/lib/utils.ts": 1781052453.6153202,
  "src/lib/rate-limit.ts": 1781055600.4890313,
  "src/lib/auth.ts": 1780954348.686601,
  "src/lib/claude/analyze.ts": 1781058547.6254525,
  "src/lib/claude/client.ts": 1780954401.088953,
  "src/lib/scheduler/pipeline.ts": 1781058571.032558,
  "src/lib/polygon/news.ts": 1780954373.9378803,
  "src/lib/polygon/aggregates.ts": 1781051330.9905598,
  "src/lib/polygon/client.ts": 1780967916.9560068,
  "src/lib/scoring/composite.ts": 1781055623.9235053,
  "src/lib/performance/calculator.ts": 1781055609.443555,
  "src/lib/validation/parse.ts": 1781055322.3308606,
  "src/lib/validation/schemas.ts": 1781054912.2489326,
  "README.md": 1781055460.4467149
}